Tipo;Nombre;Importe (€)
Proveedor;Cárnicas del Nalón;2275,43
Proveedor;Bebidas Llagar del Centro;1826,82
Proveedor;Pescados Cimadevilla;1614,43
Proveedor;Lácteos Peñamayor;918,77
Proveedor;Frutas y Verduras La Vega;909,53
Categoría;Carne;2275,43
Categoría;Bebida;1826,82
Categoría;Pescado;1614,43
Categoría;Lácteos;918,77
Categoría;Verdura;785,15
Categoría;Fruta;124,38
Producto;Ternera asturiana (kg);1289,97
Producto;Sidra natural (caja 12 bot.);1269,27
Producto;Merluza del pincho (kg);647,06
Producto;Pixín (kg);558,17
Producto;Pollo de corral (kg);420,15
Producto;Bonito del norte (kg);409,20
Producto;Vino de la casa (caja 6);319,13
Producto;Chorizo asturiano (kg);297,10
Producto;Queso de Afuega'l Pitu (ud);294,91
Producto;Patata (kg);275,91
Total;septiembre de 2026;7544,98
